id,first_name,last_name,email,gender,ip_address
1,Gabrila,Nardrup,gnardrup0@latimes.com,Female,7.222.78.63
2,Rosabelle,Enric,renric1@opera.com,Female,68.227.59.211
3,Dionis,Volkes,dvolkes2@flavors.me,Female,202.85.69.42
4,Serene,De Hooge,sdehooge3@latimes.com,Female,53.19.115.194
5,Arlinda,Rosenshine,arosenshine4@harvard.edu,Female,118.58.75.56
6,Celeste,Afonso,cafonso5@businessweek.com,Female,108.78.38.8
7,Madonna,Beedle,mbeedle6@thetimes.co.uk,Female,160.122.35.212
8,Bendicty,Willox,bwillox7@home.pl,Male,100.129.63.123
9,Joye,Shapero,jshapero8@ezinearticles.com,Polygender,166.20.128.207
10,Caryn,Raisbeck,craisbeck9@alexa.com,Genderqueer,208.99.49.21
11,Allina,Buzza,abuzzaa@globo.com,Agender,254.89.42.216
12,Penelope,Lukianov,plukianovb@ebay.co.uk,Genderqueer,64.122.112.239
13,Barnabas,Ivanikov,bivanikovc@twitpic.com,Male,142.169.97.75
14,Carly,Mateu,cmateud@apache.org,Male,7.178.119.10
15,Jaime,Greenhouse,jgreenhousee@japanpost.jp,Male,133.200.229.186
16,Adrien,Gravener,agravenerf@comsenz.com,Male,34.103.138.58
17,Jourdan,Pyffe,jpyffeg@e-recht24.de,Female,210.74.5.186
18,Alfred,Blain,ablainh@ucla.edu,Non-binary,8.116.91.72
19,Josselyn,Towsie,jtowsiei@gov.uk,Genderqueer,181.177.203.97
20,Mic,Greenhalf,mgreenhalfj@nyu.edu,Polygender,252.72.94.29
21,Kris,Clarridge,kclarridgek@marriott.com,Female,228.137.49.106
22,Jarib,Degli Antoni,jdegliantonil@diigo.com,Male,25.166.145.119
23,Jeralee,Hegg,jheggm@ezinearticles.com,Female,171.119.97.209
24,Omero,Ablitt,oablittn@adobe.com,Male,105.101.167.225
25,Smitty,Spinks,sspinkso@addthis.com,Male,23.76.241.48
26,Madelyn,Swetmore,mswetmorep@ihg.com,Female,132.122.97.75
27,Garret,Denty,gdentyq@shinystat.com,Male,169.83.203.209
28,Farlee,Etty,fettyr@godaddy.com,Male,16.238.160.140
29,Francesco,Spofforth,fspofforths@altervista.org,Male,235.218.126.180
30,Gussi,Cotty,gcottyt@reference.com,Female,218.45.249.194
31,Siffre,Brecken,sbreckenu@360.cn,Male,64.243.157.190
32,Abel,Hacker,ahackerv@vkontakte.ru,Male,181.161.130.44
33,Jerrome,Renowden,jrenowdenw@dailymail.co.uk,Male,99.23.242.241
34,Vincenty,Gepp,vgeppx@cpanel.net,Male,162.126.63.87
35,Sibylle,Rohfsen,srohfseny@redcross.org,Female,139.68.125.149
36,Roseanna,Haglington,rhaglingtonz@qq.com,Bigender,254.247.36.58
37,Kalila,Janz,kjanz10@bloglovin.com,Female,8.21.224.119
38,Maynord,Santello,msantello11@washingtonpost.com,Male,11.172.140.39
39,Horatia,Harrald,hharrald12@apache.org,Female,219.80.177.31
40,Pattie,Ronaghan,pronaghan13@marketwatch.com,Male,155.30.88.194
41,Pall,Dilley,pdilley14@mozilla.com,Male,104.140.88.181
42,Constancy,Tomsu,ctomsu15@si.edu,Female,88.239.168.177
43,Quinta,Sivess,qsivess16@buzzfeed.com,Female,247.85.49.126
44,Niki,Rentoll,nrentoll17@g.co,Male,198.130.243.102
45,Seymour,Padula,spadula18@purevolume.com,Male,149.206.54.226
46,Orin,Lumbley,olumbley19@elegantthemes.com,Male,115.203.22.87
47,Kelcey,Morphew,kmorphew1a@google.com.hk,Female,255.196.34.129
48,Viv,Gouck,vgouck1b@who.int,Polygender,16.244.59.209
49,Ethelyn,Speeding,espeeding1c@umn.edu,Female,111.108.2.55
50,Judas,Baffin,jbaffin1d@usgs.gov,Non-binary,21.188.10.32
51,Belvia,Ozanne,bozanne1e@amazon.com,Female,72.34.190.41
52,Sammie,Le Port,sleport1f@time.com,Male,48.67.201.255
53,Zared,Gamet,zgamet1g@newyorker.com,Male,224.32.239.83
54,Agneta,Ogelbe,aogelbe1h@taobao.com,Agender,233.169.54.242
55,Almeda,Keepin,akeepin1i@narod.ru,Female,68.151.15.164
56,Evie,Iwanczyk,eiwanczyk1j@sfgate.com,Female,205.100.163.81
57,Ewen,Etherson,eetherson1k@addthis.com,Male,180.82.213.211
58,Anet,House,ahouse1l@infoseek.co.jp,Female,217.174.22.73
59,Reynard,Trudgian,rtrudgian1m@example.com,Male,100.4.142.73
60,Addie,Norgate,anorgate1n@sogou.com,Female,8.96.234.31
61,Violante,Bothram,vbothram1o@sogou.com,Female,31.137.3.86
62,Westleigh,Lyttle,wlyttle1p@gov.uk,Male,42.243.146.175
63,Elisabeth,Wingeatt,ewingeatt1q@networksolutions.com,Female,185.103.28.59
64,Lolly,Burghill,lburghill1r@macromedia.com,Female,41.30.178.237
65,Mia,McMillam,mmcmillam1s@thetimes.co.uk,Female,172.120.218.233
66,Garry,Blagden,gblagden1t@cnbc.com,Male,36.101.146.135
67,Kip,Knevit,kknevit1u@statcounter.com,Female,67.224.254.70
68,Leif,Pringer,lpringer1v@barnesandnoble.com,Male,220.39.32.10
69,Sully,Charlotte,scharlotte1w@google.nl,Male,77.131.37.216
70,Henryetta,Mead,hmead1x@tinypic.com,Female,126.89.156.36
71,Niels,Martinolli,nmartinolli1y@ucoz.com,Non-binary,78.139.154.160
72,Marlon,Danovich,mdanovich1z@qq.com,Male,163.56.254.209
73,Kelvin,Posselow,kposselow20@soundcloud.com,Male,137.57.85.20
74,Anatole,Nuttall,anuttall21@bravesites.com,Male,36.38.246.128
75,Sande,Purser,spurser22@angelfire.com,Female,92.101.74.78
76,Rochester,Greenland,rgreenland23@slate.com,Male,213.40.4.30
77,Merrill,Bemrose,mbemrose24@salon.com,Male,109.125.74.25
78,Alphonso,Minchinton,aminchinton25@imageshack.us,Genderqueer,44.95.137.239
79,Reuven,Watson-Brown,rwatsonbrown26@archive.org,Male,237.213.29.112
80,Judy,Frobisher,jfrobisher27@tripadvisor.com,Female,70.232.29.249
81,Hagan,Bucklee,hbucklee28@live.com,Male,107.186.150.46
82,Sheelah,Arkley,sarkley29@instagram.com,Female,198.114.68.189
83,Carrol,Pirie,cpirie2a@fema.gov,Male,223.35.140.66
84,Paige,Huelin,phuelin2b@miitbeian.gov.cn,Polygender,58.8.33.250
85,Randell,Blakes,rblakes2c@dropbox.com,Male,171.61.94.189
86,Annabella,Santer,asanter2d@forbes.com,Female,95.115.99.231
87,Petr,MacGauhy,pmacgauhy2e@europa.eu,Male,72.184.125.225
88,Morey,Allcott,mallcott2f@w3.org,Male,197.60.73.219
89,Denys,Pottage,dpottage2g@ucla.edu,Female,114.245.9.169
90,Lin,Fordy,lfordy2h@example.com,Male,188.136.188.104
91,Chester,Semper,csemper2i@umich.edu,Male,93.14.34.19
92,Burch,Concklin,bconcklin2j@cbslocal.com,Male,72.74.89.4
93,Tabbie,Filon,tfilon2k@nyu.edu,Female,36.58.49.220
94,Beauregard,McDyer,bmcdyer2l@independent.co.uk,Male,65.210.42.121
95,Elisabetta,Caistor,ecaistor2m@last.fm,Female,42.161.146.125
96,Livy,O'Loghlen,lologhlen2n@pen.io,Female,10.140.114.65
97,Ronda,Cancellieri,rcancellieri2o@google.nl,Female,180.168.62.233
98,Baxie,Croshaw,bcroshaw2p@cyberchimps.com,Agender,13.43.31.173
99,Mellisa,McReynold,mmcreynold2q@yandex.ru,Female,251.197.225.81
100,Warner,Besque,wbesque2r@vimeo.com,Male,60.231.103.242
101,Lewie,Bracchi,lbracchi2s@va.gov,Male,203.180.33.34
102,Bax,Crocken,bcrocken2t@nasa.gov,Male,112.130.115.128
103,Witty,Bastone,wbastone2u@squidoo.com,Male,56.77.219.54
104,Imelda,Ditty,iditty2v@upenn.edu,Female,205.139.58.120
105,Atlante,Norquay,anorquay2w@washingtonpost.com,Female,1.230.6.243
106,Wini,Tewelson,wtewelson2x@edublogs.org,Female,231.163.20.235
107,Hewet,Sherel,hsherel2y@blogtalkradio.com,Male,100.192.37.236
108,Somerset,Phetteplace,sphetteplace2z@unicef.org,Male,217.37.71.38
109,Daffie,Smeeth,dsmeeth30@theatlantic.com,Female,116.113.243.78
110,Guendolen,Olorenshaw,golorenshaw31@yahoo.com,Female,100.16.145.127
111,Clement,Baleine,cbaleine32@woothemes.com,Male,162.171.43.186
112,Benoit,Gaisford,bgaisford33@ameblo.jp,Male,169.185.55.46
113,Hartley,Studman,hstudman34@hc360.com,Male,171.40.191.209
114,Ara,Ovendon,aovendon35@bizjournals.com,Female,84.92.96.93
115,Minerva,Bertolin,mbertolin36@weibo.com,Bigender,13.134.181.154
116,Gertrud,Hedde,ghedde37@google.ca,Female,108.114.245.122
117,Nell,Trainor,ntrainor38@virginia.edu,Female,133.188.72.219
118,Alessandro,Prestidge,aprestidge39@e-recht24.de,Male,140.18.116.142
119,Cayla,Roux,croux3a@boston.com,Female,192.17.172.88
120,Moina,Tiner,mtiner3b@theguardian.com,Female,69.82.77.161
121,Morgan,Dachey,mdachey3c@netscape.com,Male,136.239.212.63
122,Ashbey,Brockway,abrockway3d@vimeo.com,Male,215.183.186.112
123,Enos,De Simoni,edesimoni3e@nba.com,Male,3.38.151.216
124,Valaria,Bredgeland,vbredgeland3f@seesaa.net,Female,208.224.237.244
125,Horacio,Gisborne,hgisborne3g@wikimedia.org,Male,84.155.148.203
126,Gladys,Grimstead,ggrimstead3h@feedburner.com,Female,88.24.124.233
127,Wolfgang,Willmont,wwillmont3i@intel.com,Male,80.90.58.176
128,Peta,Dell Casa,pdellcasa3j@yandex.ru,Female,227.12.198.32
129,Siward,Posten,sposten3k@omniture.com,Male,183.33.187.103
130,Martie,Davenport,mdavenport3l@slate.com,Male,11.71.245.117
131,Cletis,Long,clong3m@independent.co.uk,Male,128.41.49.246
132,Dani,Tizard,dtizard3n@prnewswire.com,Male,172.113.44.205
133,Merrill,Vint,mvint3o@bloglines.com,Bigender,150.26.90.212
134,Jerrie,Pomfret,jpomfret3p@themeforest.net,Male,202.167.184.242
135,Flss,Boxen,fboxen3q@xrea.com,Female,131.131.253.16
136,Darrick,Lince,dlince3r@squidoo.com,Male,45.6.242.192
137,Noak,Robeiro,nrobeiro3s@guardian.co.uk,Male,23.186.10.134
138,Natal,Beernaert,nbeernaert3t@addthis.com,Male,6.215.190.159
139,Elora,Storm,estorm3u@comsenz.com,Female,52.202.56.11
140,Burr,Dumpleton,bdumpleton3v@stumbleupon.com,Male,139.39.70.213
141,Bevon,Borg-Bartolo,bborgbartolo3w@earthlink.net,Male,25.98.231.218
142,Avery,Erni,aerni3x@plala.or.jp,Male,15.143.17.4
143,Kenneth,Olcot,kolcot3y@cnbc.com,Genderqueer,39.109.204.79
144,Tiffani,Schulze,tschulze3z@de.vu,Female,160.161.245.64
145,Karlyn,Filippi,kfilippi40@weather.com,Female,17.215.246.60
146,Freddy,Nucator,fnucator41@bandcamp.com,Female,241.115.69.114
147,Klara,Harler,kharler42@twitter.com,Female,121.99.142.74
148,Sharlene,Steed,ssteed43@goodreads.com,Female,218.80.183.40
149,Lyndel,Simmonett,lsimmonett44@moonfruit.com,Female,28.140.10.184
150,Cord,Lile,clile45@hugedomains.com,Male,115.239.139.136
151,Corbie,Alder,calder46@nasa.gov,Male,175.97.81.212
152,Stephanie,Polendine,spolendine47@xing.com,Female,62.40.90.137
153,Dyna,MacCauley,dmaccauley48@is.gd,Female,239.2.193.243
154,Ame,Brightey,abrightey49@devhub.com,Female,60.47.246.224
155,Orazio,Duetsche,oduetsche4a@barnesandnoble.com,Polygender,231.212.186.201
156,Bax,Capron,bcapron4b@parallels.com,Male,233.166.180.166
157,Melisse,Volk,mvolk4c@hubpages.com,Female,226.98.177.167
158,York,Penvarden,ypenvarden4d@marketwatch.com,Genderfluid,95.251.10.7
159,Lynn,Berntssen,lberntssen4e@ftc.gov,Male,76.85.231.9
160,Nicoli,Jedrys,njedrys4f@topsy.com,Female,208.100.185.92
161,Shem,Sketcher,ssketcher4g@github.io,Male,153.57.41.168
162,Clem,Braksper,cbraksper4h@cdc.gov,Male,239.83.124.84
163,Kristofor,Bert,kbert4i@umn.edu,Male,26.78.206.35
164,Jerrome,Sellors,jsellors4j@blogs.com,Male,18.82.81.175
165,Chadwick,Hostan,chostan4k@moonfruit.com,Male,107.79.3.62
166,Angelique,Romme,aromme4l@miibeian.gov.cn,Female,191.160.10.46
167,Teodora,Reams,treams4m@1688.com,Female,255.194.131.102
168,Lorette,Farfoot,lfarfoot4n@chron.com,Female,24.158.152.90
169,Skip,Healing,shealing4o@washingtonpost.com,Male,206.85.191.38
170,Dennison,Castelli,dcastelli4p@vistaprint.com,Male,163.46.194.35
171,Lenee,Bails,lbails4q@soup.io,Female,226.124.23.35
172,Yancy,Clemenzo,yclemenzo4r@statcounter.com,Male,202.222.127.247
173,Keefer,Lackham,klackham4s@hp.com,Male,126.41.120.255
174,Kerianne,O Mullen,komullen4t@patch.com,Female,244.200.158.201
175,Jacquette,Lassen,jlassen4u@theglobeandmail.com,Female,238.130.182.252
176,Catlin,Bjerkan,cbjerkan4v@un.org,Female,90.35.13.203
177,Jeffy,Clemont,jclemont4w@clickbank.net,Male,228.9.45.205
178,Honoria,Paolini,hpaolini4x@yandex.ru,Female,247.47.5.230
179,Dolorita,Shepperd,dshepperd4y@stumbleupon.com,Female,43.212.51.74
180,Zack,Keepence,zkeepence4z@npr.org,Male,1.195.143.56
181,Vere,Denkin,vdenkin50@bbc.co.uk,Female,202.10.16.167
182,Jerrome,Withers,jwithers51@nyu.edu,Male,54.107.183.142
183,Mycah,Vasse,mvasse52@wikimedia.org,Male,125.75.87.131
184,Cal,Tortis,ctortis53@intel.com,Female,87.194.7.106
185,Lesly,Klemencic,lklemencic54@xrea.com,Female,249.173.79.200
186,Minerva,Kipping,mkipping55@istockphoto.com,Female,176.200.74.129
187,Audie,Pitcaithley,apitcaithley56@spiegel.de,Female,26.229.78.177
188,Lennard,Mankor,lmankor57@fotki.com,Male,31.125.149.162
189,Albina,Riseley,ariseley58@unblog.fr,Non-binary,129.18.174.32
190,Rancell,Spino,rspino59@issuu.com,Male,187.135.7.103
191,Quill,Box,qbox5a@hhs.gov,Male,185.131.232.223
192,Berky,Hane,bhane5b@baidu.com,Male,160.18.9.7
193,Morgana,Lynock,mlynock5c@narod.ru,Female,12.169.228.171
194,Benedetto,Smalcombe,bsmalcombe5d@oakley.com,Male,172.98.237.13
195,Ertha,Klimkin,eklimkin5e@springer.com,Female,3.84.32.243
196,Caitlin,Dennes,cdennes5f@acquirethisname.com,Female,218.7.68.46
197,Aube,Simmen,asimmen5g@google.nl,Male,169.255.150.78
198,Louie,McCaffrey,lmccaffrey5h@wikimedia.org,Male,229.101.164.245
199,Kate,MacVean,kmacvean5i@example.com,Female,116.45.145.174
200,Terra,Bellocht,tbellocht5j@java.com,Female,9.183.162.214
201,Jeffy,Lepper,jlepper5k@google.com,Male,51.247.24.171
202,Onfroi,MacLleese,omaclleese5l@list-manage.com,Male,209.218.210.126
203,Jacklyn,Dahlbom,jdahlbom5m@who.int,Female,34.243.128.126
204,Weider,Ronca,wronca5n@timesonline.co.uk,Male,57.54.157.228
205,Natty,Kenewell,nkenewell5o@apple.com,Female,9.166.103.111
206,Fee,Beldum,fbeldum5p@alibaba.com,Male,61.115.44.102
207,Rafe,de'-Ancy Willis,rdeancywillis5q@arizona.edu,Male,105.151.139.133
208,Kakalina,Dawber,kdawber5r@ebay.com,Female,155.224.48.8
209,Hamlen,Askin,haskin5s@time.com,Male,72.8.46.127
210,Sigismundo,Waszczykowski,swaszczykowski5t@miitbeian.gov.cn,Male,153.47.29.70
211,Philip,Grewar,pgrewar5u@deliciousdays.com,Male,92.5.211.58
212,Irma,Prozescky,iprozescky5v@domainmarket.com,Female,92.44.195.80
213,Gerrie,Roskam,groskam5w@miitbeian.gov.cn,Male,97.7.97.17
214,Bat,Hulke,bhulke5x@telegraph.co.uk,Genderqueer,199.191.76.119
215,Barde,Wagenen,bwagenen5y@google.nl,Male,174.15.110.221
216,Rozanna,Tilsley,rtilsley5z@scribd.com,Female,141.106.73.86
217,Somerset,Mallabar,smallabar60@g.co,Male,85.12.216.170
218,Tiertza,Hartshorn,thartshorn61@ehow.com,Agender,82.142.111.31
219,Crystie,Blagbrough,cblagbrough62@godaddy.com,Female,197.16.180.83
220,Beale,Fancutt,bfancutt63@google.com.au,Male,148.199.230.99
221,Ranice,Aleveque,raleveque64@youku.com,Female,195.189.193.4
222,Shana,Minton,sminton65@nyu.edu,Female,76.242.87.148
223,Forester,Pickthorn,fpickthorn66@phoca.cz,Male,220.3.119.40
224,Hi,Durdan,hdurdan67@miitbeian.gov.cn,Male,160.176.242.147
225,Chickie,Enright,cenright68@bloglovin.com,Female,121.250.153.176
226,Parsifal,Piers,ppiers69@cargocollective.com,Male,241.225.137.111
227,Gillie,Seppey,gseppey6a@businessweek.com,Female,167.221.112.64
228,Pall,Woofendell,pwoofendell6b@de.vu,Male,177.86.63.146
229,Webb,Swenson,wswenson6c@cbc.ca,Male,217.117.171.218
230,Gerianna,Ingarfill,gingarfill6d@1und1.de,Female,1.181.203.235
231,Maxine,Wolfers,mwolfers6e@ning.com,Female,170.58.0.53
232,Glenine,Fawckner,gfawckner6f@mysql.com,Female,90.205.64.18
233,Buck,Humberstone,bhumberstone6g@gmpg.org,Male,74.135.72.208
234,Abbye,Tuhy,atuhy6h@usgs.gov,Female,93.169.245.145
235,Josiah,Sinclar,jsinclar6i@amazon.co.uk,Male,100.208.134.8
236,Gradeigh,Mucillo,gmucillo6j@admin.ch,Male,191.106.42.133
237,Constantino,Perfili,cperfili6k@theguardian.com,Male,43.129.234.213
238,Mikey,Delgua,mdelgua6l@google.ru,Male,125.78.249.241
239,Jard,Bartolomeazzi,jbartolomeazzi6m@hostgator.com,Male,47.241.220.222
240,Denys,World,dworld6n@google.cn,Polygender,148.88.125.133
241,Jenn,Bellelli,jbellelli6o@gov.uk,Female,89.105.116.215
242,Elmore,Lewton,elewton6p@rediff.com,Male,239.139.117.23
243,Zena,Steptowe,zsteptowe6q@wix.com,Female,233.41.66.30
244,Dorthy,Larchier,dlarchier6r@un.org,Polygender,211.154.254.57
245,Bathsheba,Creaney,bcreaney6s@printfriendly.com,Female,205.131.45.234
246,Wynny,Obispo,wobispo6t@tumblr.com,Female,116.79.28.134
247,Phil,Harner,pharner6u@twitter.com,Female,132.4.193.19
248,Filide,Withers,fwithers6v@census.gov,Female,5.220.162.71
249,Gerek,Reveland,greveland6w@drupal.org,Male,20.17.212.186
250,Jennee,Kelberman,jkelberman6x@miibeian.gov.cn,Female,0.147.236.166
251,Giffer,Mularkey,gmularkey6y@google.de,Male,100.105.34.226
252,Haydon,Garber,hgarber6z@soup.io,Male,195.34.51.251
253,Amandie,Cleeton,acleeton70@chron.com,Female,95.201.15.49
254,Bel,Hostan,bhostan71@reuters.com,Female,25.64.207.170
255,Rhiamon,Jaspar,rjaspar72@dailymotion.com,Female,104.141.102.201
256,Lilas,Auger,lauger73@last.fm,Female,58.4.232.11
257,Alessandra,Janota,ajanota74@time.com,Female,106.227.143.54
258,Hamlen,Cawkill,hcawkill75@europa.eu,Male,198.140.141.212
259,Melanie,Southers,msouthers76@independent.co.uk,Female,255.61.70.89
260,Coriss,Philipard,cphilipard77@businessinsider.com,Female,15.114.114.233
261,Sascha,Chambers,schambers78@cocolog-nifty.com,Male,211.68.199.4
262,Thaddus,Iacavone,tiacavone79@cafepress.com,Agender,226.227.98.236
263,Kalil,Oldland,koldland7a@opensource.org,Male,47.126.41.43
264,Leland,Hebburn,lhebburn7b@fotki.com,Male,5.167.152.119
265,Sydelle,Hudd,shudd7c@state.tx.us,Female,175.65.213.249
266,Erinna,Donet,edonet7d@mysql.com,Female,107.132.30.174
267,Bay,Orht,borht7e@huffingtonpost.com,Male,198.13.51.6
268,Roze,Kliemchen,rkliemchen7f@salon.com,Female,175.251.194.58
269,Helenka,Cansdale,hcansdale7g@tripod.com,Female,197.209.125.184
270,Saunderson,Wortt,swortt7h@webeden.co.uk,Male,227.24.136.103
271,Claude,Aspel,caspel7i@rediff.com,Female,179.99.250.172
272,Bale,McPartling,bmcpartling7j@1und1.de,Male,143.233.141.212
273,Muffin,Siemons,msiemons7k@intel.com,Male,84.224.182.122
274,Martainn,Stutter,mstutter7l@auda.org.au,Male,255.144.97.57
275,Alica,Schoular,aschoular7m@kickstarter.com,Genderqueer,19.132.147.50
276,Ranee,Bosley,rbosley7n@sourceforge.net,Female,111.253.50.90
277,Chrotoem,Worcester,cworcester7o@i2i.jp,Male,12.78.96.189
278,Hamil,Assel,hassel7p@jimdo.com,Male,57.157.181.54
279,Karlens,Canto,kcanto7q@ted.com,Male,207.49.24.62
280,Jimmy,Darkins,jdarkins7r@globo.com,Male,78.213.58.157
281,Chase,Christal,cchristal7s@smugmug.com,Male,94.137.245.10
282,Linn,Ziemsen,lziemsen7t@w3.org,Male,231.136.84.215
283,Janeta,Tourmell,jtourmell7u@free.fr,Female,247.39.93.14
284,Domenico,Gerrill,dgerrill7v@ezinearticles.com,Male,208.236.142.213
285,Donnell,Brockley,dbrockley7w@census.gov,Non-binary,206.53.70.231
286,Torie,Ruppelin,truppelin7x@japanpost.jp,Female,176.242.162.178
287,Burnard,Briffett,bbriffett7y@msu.edu,Male,216.66.240.155
288,Palmer,Steely,psteely7z@hostgator.com,Male,229.224.169.9
289,Jason,Tallis,jtallis80@bizjournals.com,Male,84.134.165.66
290,Aura,Episcopio,aepiscopio81@symantec.com,Female,153.38.240.204
291,Jackelyn,Sunman,jsunman82@opensource.org,Female,62.23.46.1
292,Gaspard,Glenwright,gglenwright83@thetimes.co.uk,Male,25.11.73.134
293,Elysha,Coffin,ecoffin84@nytimes.com,Genderqueer,213.233.93.229
294,Margareta,Kupec,mkupec85@army.mil,Female,182.141.178.104
295,Delmer,Matevosian,dmatevosian86@xrea.com,Agender,182.86.200.118
296,Deane,Mc Ilory,dmcilory87@omniture.com,Male,245.201.16.255
297,Trish,Thombleson,tthombleson88@salon.com,Female,252.128.204.12
298,Billie,Fuzzens,bfuzzens89@utexas.edu,Male,123.141.221.196
299,Lucais,Beverley,lbeverley8a@odnoklassniki.ru,Male,35.94.84.209
300,Spense,Hazle,shazle8b@deliciousdays.com,Male,221.225.12.4
301,Jeramey,Vail,jvail8c@who.int,Male,125.226.225.231
302,Danila,Dungate,ddungate8d@google.de,Female,89.52.106.122
303,Abrahan,Mylechreest,amylechreest8e@china.com.cn,Male,236.102.57.193
304,Inna,Paulitschke,ipaulitschke8f@goo.ne.jp,Female,54.80.254.216
305,Paloma,Austick,paustick8g@sourceforge.net,Agender,83.60.193.10
306,Gannon,Bengoechea,gbengoechea8h@360.cn,Male,53.82.173.231
307,Rafa,Treswell,rtreswell8i@mac.com,Bigender,78.75.10.23
308,Germana,Esch,gesch8j@webmd.com,Female,161.54.19.223
309,Kerianne,Chasmor,kchasmor8k@oakley.com,Genderfluid,92.70.227.207
310,Dotti,Bertelsen,dbertelsen8l@dailymail.co.uk,Agender,93.153.240.25
311,Urbain,Wimsett,uwimsett8m@disqus.com,Genderqueer,32.12.141.184
312,Kennith,Luton,kluton8n@cdc.gov,Male,234.193.63.70
313,Suzanne,Sellek,ssellek8o@reuters.com,Female,139.249.68.65
314,Emma,Worpole,eworpole8p@mtv.com,Female,230.229.15.74
315,Elden,Emmet,eemmet8q@yelp.com,Male,36.48.73.216
316,Nancee,Sumpton,nsumpton8r@mediafire.com,Female,61.223.24.96
317,Alain,Gilhooley,agilhooley8s@yellowpages.com,Male,153.30.81.44
318,Celie,Kinze,ckinze8t@hp.com,Female,226.239.173.186
319,Julienne,Fenney,jfenney8u@army.mil,Female,216.218.61.6
320,Addi,Gamil,agamil8v@imageshack.us,Female,7.181.129.55
321,Pryce,Eldered,peldered8w@mtv.com,Male,244.141.185.185
322,Harwilll,McReynold,hmcreynold8x@thetimes.co.uk,Bigender,249.248.217.67
323,Livvy,Vargas,lvargas8y@upenn.edu,Female,78.209.107.61
324,Bryn,Russo,brusso8z@europa.eu,Female,79.146.87.31
325,Elaina,MacFarlane,emacfarlane90@privacy.gov.au,Female,86.119.216.217
326,Vernice,Beetham,vbeetham91@japanpost.jp,Female,37.104.190.56
327,Freddy,Manass,fmanass92@merriam-webster.com,Male,73.173.219.167
328,Tiffi,Fannon,tfannon93@sphinn.com,Female,195.15.57.174
329,Doloritas,Tarver,dtarver94@nydailynews.com,Female,242.240.179.74
330,Fonsie,Hedge,fhedge95@ameblo.jp,Male,175.220.239.27
331,Traver,Langman,tlangman96@latimes.com,Male,178.175.162.217
332,Sly,Bidwell,sbidwell97@mlb.com,Genderqueer,39.65.224.43
333,Iseabal,Raynor,iraynor98@ebay.co.uk,Bigender,170.141.188.243
334,Sherwin,Pavinese,spavinese99@nbcnews.com,Male,19.51.69.228
335,Fernandina,Simunek,fsimunek9a@ning.com,Female,34.29.167.168
336,Woodman,Halksworth,whalksworth9b@t.co,Male,62.61.185.250
337,Maria,Peaddie,mpeaddie9c@sfgate.com,Female,196.159.180.79
338,Valentine,Shapira,vshapira9d@microsoft.com,Bigender,62.188.249.71
339,Baxy,Dany,bdany9e@thetimes.co.uk,Male,171.46.137.239
340,Constance,McGuinley,cmcguinley9f@go.com,Female,43.91.201.118
341,Albertine,Fesby,afesby9g@theatlantic.com,Female,141.21.101.204
342,Allyce,Gemmill,agemmill9h@wunderground.com,Female,118.251.132.167
343,Alford,Pawelec,apawelec9i@psu.edu,Male,234.202.116.56
344,Fidela,Braban,fbraban9j@myspace.com,Female,83.214.230.8
345,Emmalynn,Ovanesian,eovanesian9k@lulu.com,Female,62.63.43.127
346,Sonia,Gladbeck,sgladbeck9l@theatlantic.com,Female,203.97.160.84
347,Sheilah,Thing,sthing9m@fda.gov,Female,151.130.59.103
348,Brandais,Ilyunin,bilyunin9n@diigo.com,Female,14.213.253.255
349,Mabelle,Flatley,mflatley9o@salon.com,Female,192.58.26.35
350,Bat,Brimmacombe,bbrimmacombe9p@who.int,Male,198.188.232.21
351,Virginia,De Bischof,vdebischof9q@artisteer.com,Female,237.251.81.21
352,Pet,Rough,prough9r@spiegel.de,Female,150.84.216.66
353,Dale,Stratton,dstratton9s@opensource.org,Male,22.106.250.97
354,Nettle,Morin,nmorin9t@linkedin.com,Female,125.13.116.171
355,Janey,Schenkel,jschenkel9u@yandex.ru,Female,203.161.92.243
356,Shem,McGeneay,smcgeneay9v@ucoz.com,Male,144.82.94.81
357,Ibrahim,Weymouth,iweymouth9w@mail.ru,Male,74.119.123.237
358,Nissa,Denness,ndenness9x@hatena.ne.jp,Female,136.151.87.0
359,Lurlene,Roark,lroark9y@epa.gov,Female,14.194.83.124
360,Sandye,Brewett,sbrewett9z@sohu.com,Female,15.214.36.244
361,Albert,Nethercott,anethercotta0@edublogs.org,Male,128.194.26.39
362,Joyann,Paulillo,jpaulilloa1@vk.com,Female,52.127.237.138
363,Rhona,Orriss,rorrissa2@wordpress.com,Bigender,17.21.13.30
364,Ade,Spottiswood,aspottiswooda3@artisteer.com,Male,128.25.45.84
365,Olly,Lintin,olintina4@sourceforge.net,Bigender,210.185.170.212
366,Giustina,Barents,gbarentsa5@4shared.com,Female,57.8.198.27
367,Maynard,Badrock,mbadrocka6@reference.com,Male,81.147.150.62
368,Harman,Patington,hpatingtona7@exblog.jp,Genderqueer,56.130.141.199
369,Abner,Lecount,alecounta8@opera.com,Male,82.194.188.208
370,Quintilla,McMorland,qmcmorlanda9@delicious.com,Female,158.13.67.194
371,Etta,Stearn,estearnaa@com.com,Female,67.215.52.244
372,Olenka,Bubear,obubearab@jalbum.net,Agender,228.103.193.200
373,Shaina,Henriquet,shenriquetac@yale.edu,Female,232.249.37.223
374,Silvain,Trittam,strittamad@buzzfeed.com,Male,107.3.158.238
375,Hobey,Lohoar,hlohoarae@cornell.edu,Male,64.84.245.234
376,Jabez,Dougary,jdougaryaf@businessinsider.com,Male,73.69.235.226
377,Abramo,Darey,adareyag@a8.net,Male,106.16.31.162
378,Vinni,Vardy,vvardyah@blogger.com,Female,153.94.156.148
379,Willie,Taft,wtaftai@mozilla.org,Male,199.42.195.205
380,Feodor,Wooller,fwoolleraj@mtv.com,Male,169.55.109.101
381,Jacenta,Gaukroger,jgaukrogerak@apache.org,Female,70.168.80.5
382,Eran,Duddin,eduddinal@slashdot.org,Genderqueer,205.213.11.128
383,Brandice,Gimenez,bgimenezam@who.int,Female,87.67.125.83
384,Roderich,Baraclough,rbaracloughan@nifty.com,Male,123.87.129.204
385,Ainsley,Kibbel,akibbelao@dropbox.com,Female,191.190.45.165
386,Francyne,Snepp,fsneppap@bluehost.com,Female,30.83.51.243
387,Belinda,Salomon,bsalomonaq@yellowbook.com,Female,82.57.225.84
388,Grethel,Siflet,gsifletar@sourceforge.net,Female,50.161.225.215
389,Del,Morlon,dmorlonas@slideshare.net,Polygender,243.225.195.224
390,Benny,Pressman,bpressmanat@cnet.com,Female,175.112.60.170
391,Diana,Justham,djusthamau@hugedomains.com,Female,71.212.87.205
392,Shannon,Motherwell,smotherwellav@github.io,Male,44.239.29.198
393,Inez,Minot,iminotaw@slate.com,Female,255.32.108.121
394,Jasper,Benn,jbennax@squidoo.com,Male,183.38.28.103
395,Siward,Fernando,sfernandoay@yellowbook.com,Male,238.248.160.182
396,Jobey,Pfeffer,jpfefferaz@latimes.com,Female,184.35.210.92
397,Bernita,Vaissiere,bvaissiereb0@lulu.com,Female,199.116.122.231
398,Vladimir,Itzcovichch,vitzcovichchb1@netvibes.com,Male,116.251.141.89
399,Sibyl,Porson,sporsonb2@amazonaws.com,Male,55.254.88.67
400,Noelyn,Wilkerson,nwilkersonb3@weebly.com,Female,62.240.52.176
401,Jerrilyn,Hucks,jhucksb4@virginia.edu,Female,52.136.7.92
402,Calv,Pinks,cpinksb5@jugem.jp,Male,195.26.72.243
403,Lars,Dudmesh,ldudmeshb6@fotki.com,Genderqueer,18.219.13.19
404,Elberta,Middleton,emiddletonb7@goo.ne.jp,Female,87.189.112.104
405,Chelsy,O'Kieran,cokieranb8@alibaba.com,Female,8.11.130.117
406,Bab,Daldan,bdaldanb9@mayoclinic.com,Female,179.129.18.139
407,Gerti,O'Dyvoy,godyvoyba@umich.edu,Bigender,167.60.125.133
408,Brandy,Jolliff,bjolliffbb@list-manage.com,Female,158.161.57.60
409,Meagan,Malarkey,mmalarkeybc@pagesperso-orange.fr,Female,14.151.222.37
410,Amelita,Shurlock,ashurlockbd@freewebs.com,Polygender,108.152.64.37
411,Dallis,Scarfe,dscarfebe@berkeley.edu,Male,85.88.64.161
412,Pincas,Pickrill,ppickrillbf@addthis.com,Bigender,229.138.246.44
413,Garvy,Dredge,gdredgebg@dot.gov,Male,88.5.43.163
414,Bartholomeus,Luckings,bluckingsbh@marketwatch.com,Male,221.30.245.48
415,Boniface,Colrein,bcolreinbi@uiuc.edu,Male,81.239.100.80
416,Deanna,Bladge,dbladgebj@java.com,Polygender,55.87.64.173
417,Deedee,Evitt,devittbk@alexa.com,Female,253.157.40.126
418,Isabeau,MacCallion,imaccallionbl@free.fr,Female,47.121.247.84
419,Daveta,Lorente,dlorentebm@surveymonkey.com,Female,234.84.210.86
420,Betteanne,McAster,bmcasterbn@pinterest.com,Female,52.187.82.35
421,Roy,Fawthorpe,rfawthorpebo@chicagotribune.com,Male,52.202.97.240
422,Marcellina,Mordey,mmordeybp@ebay.com,Polygender,242.105.183.241
423,Merry,Minico,mminicobq@elegantthemes.com,Female,157.250.27.14
424,Denise,Mundy,dmundybr@simplemachines.org,Female,139.113.135.215
425,Lesya,Chard,lchardbs@51.la,Female,45.145.148.19
426,Arabele,Gregoire,agregoirebt@foxnews.com,Female,22.197.213.67
427,Abdel,Janusz,ajanuszbu@tripod.com,Male,174.170.158.246
428,Erek,Cockaday,ecockadaybv@i2i.jp,Male,112.238.141.234
429,Lannie,Hedworth,lhedworthbw@usa.gov,Genderfluid,169.27.140.182
430,Helga,Nial,hnialbx@weather.com,Female,180.78.217.19
431,Letitia,Axtell,laxtellby@g.co,Female,226.47.94.73
432,Daron,Skinley,dskinleybz@youtube.com,Agender,95.8.4.151
433,Flory,Bizley,fbizleyc0@paginegialle.it,Genderfluid,218.132.100.197
434,Vi,Jantet,vjantetc1@nba.com,Female,180.229.131.61
435,Dore,Cardo,dcardoc2@senate.gov,Male,28.93.132.142
436,Duky,Faustin,dfaustinc3@free.fr,Male,23.2.105.7
437,Margette,Kytter,mkytterc4@free.fr,Female,53.105.1.210
438,Hersch,Peppett,hpeppettc5@google.com.br,Male,250.61.59.50
439,Marysa,Parcell,mparcellc6@tripadvisor.com,Female,160.109.164.199
440,Brnaba,Jorcke,bjorckec7@unesco.org,Male,184.110.112.145
441,Waldo,Jandera,wjanderac8@ovh.net,Male,54.149.238.106
442,Vlad,Sconce,vsconcec9@slideshare.net,Male,226.67.4.202
443,Fitz,Pollitt,fpollittca@friendfeed.com,Male,167.76.137.236
444,Felike,Keyser,fkeysercb@paginegialle.it,Male,124.165.119.39
445,Hobart,Linwood,hlinwoodcc@wikipedia.org,Male,121.23.227.152
446,Ferrell,Barfield,fbarfieldcd@last.fm,Male,32.193.54.171
447,Hilliary,Coverdill,hcoverdillce@home.pl,Female,84.198.61.99
448,Helenelizabeth,Ibbitt,hibbittcf@flickr.com,Female,127.83.138.27
449,Frederik,Mycock,fmycockcg@icio.us,Male,17.186.100.166
450,Anne-corinne,Cohalan,acohalanch@boston.com,Female,148.79.14.98
451,Olva,Deeks,odeeksci@webnode.com,Female,37.214.209.156
452,Nora,Novik,nnovikcj@oakley.com,Female,91.221.162.163
453,Mozelle,MacKellar,mmackellarck@irs.gov,Female,51.2.27.139
454,Happy,Kimbrough,hkimbroughcl@time.com,Genderqueer,129.209.66.237
455,Cherie,Stidworthy,cstidworthycm@msu.edu,Female,66.90.23.244
456,Manon,Otson,motsoncn@usnews.com,Female,35.14.51.113
457,Dawn,Ackers,dackersco@examiner.com,Female,7.10.98.27
458,Ringo,Bails,rbailscp@flavors.me,Male,195.27.42.238
459,Quincey,Garforth,qgarforthcq@xinhuanet.com,Male,80.105.20.59
460,Arlee,Swinney,aswinneycr@webnode.com,Female,165.73.54.209
461,Merle,Bouldon,mbouldoncs@home.pl,Polygender,32.73.69.118
462,Arlie,Gabotti,agabottict@freewebs.com,Female,64.59.135.101
463,Vinnie,Bischop,vbischopcu@blogtalkradio.com,Male,0.166.39.13
464,Montague,Mullane,mmullanecv@unesco.org,Male,52.66.137.202
465,Annabella,Madre,amadrecw@livejournal.com,Female,160.225.246.44
466,Jeffy,Lage,jlagecx@dedecms.com,Male,152.255.208.226
467,Gibby,Riep,griepcy@adobe.com,Male,72.23.241.199
468,Bryn,Coucha,bcouchacz@ucoz.ru,Male,44.48.193.208
469,Katee,Murrison,kmurrisond0@buzzfeed.com,Female,134.19.106.110
470,Gabriele,Mulvy,gmulvyd1@ibm.com,Male,245.200.94.135
471,Merlina,Freezor,mfreezord2@printfriendly.com,Female,53.52.69.168
472,Yvette,Wharton,ywhartond3@freewebs.com,Female,241.126.151.157
473,Gertrud,Di Iorio,gdiioriod4@tripadvisor.com,Female,35.209.138.235
474,Tiffy,Mordie,tmordied5@tmall.com,Female,108.151.132.241
475,Orran,Borres,oborresd6@economist.com,Male,25.144.127.18
476,Baxter,Petrashkov,bpetrashkovd7@sciencedaily.com,Male,116.137.154.44
477,Nettle,Ovize,novized8@admin.ch,Female,84.21.181.204
478,Carmella,English,cenglishd9@marriott.com,Female,50.65.201.152
479,Marijn,Krolman,mkrolmanda@auda.org.au,Male,210.7.138.55
480,Vick,Upex,vupexdb@com.com,Male,109.158.160.240
481,Elane,Eyckelberg,eeyckelbergdc@boston.com,Female,38.223.14.74
482,Cyndi,Brozsset,cbrozssetdd@g.co,Female,74.18.204.255
483,Yancy,Taunton.,ytauntonde@imageshack.us,Non-binary,242.233.93.147
484,Emmalynn,O'Brogane,eobroganedf@odnoklassniki.ru,Female,150.51.205.36
485,Frayda,Burleigh,fburleighdg@dailymail.co.uk,Female,155.231.203.113
486,Dorena,Vasilevich,dvasilevichdh@foxnews.com,Female,241.27.58.142
487,Trenna,Cardinale,tcardinaledi@tumblr.com,Polygender,194.157.62.165
488,Lenna,Trumble,ltrumbledj@arstechnica.com,Female,193.214.117.74
489,Blaine,Shawcroft,bshawcroftdk@prweb.com,Male,130.27.108.65
490,Cthrine,Stallybrass,cstallybrassdl@naver.com,Female,82.214.5.90
491,Dud,Pavlik,dpavlikdm@house.gov,Male,207.185.158.187
492,Jon,McHale,jmchaledn@phoca.cz,Male,48.63.237.24
493,Niki,Netting,nnettingdo@acquirethisname.com,Agender,180.164.128.86
494,Iorgo,Ranyelld,iranyellddp@ibm.com,Male,244.234.148.179
495,Erie,Khristoforov,ekhristoforovdq@nih.gov,Male,233.231.241.126
496,Carine,Verecker,cvereckerdr@epa.gov,Agender,219.145.24.242
497,Gwyneth,Brett,gbrettds@stumbleupon.com,Female,89.236.245.3
498,Dulcy,Goldsmith,dgoldsmithdt@ucoz.com,Female,32.22.5.60
499,Quill,Rushe,qrushedu@army.mil,Male,184.155.229.202
500,Ellene,Smitham,esmithamdv@nba.com,Female,7.136.197.144
501,Jameson,Sturton,jsturtondw@twitpic.com,Male,23.142.26.7
502,Jeanie,Kersley,jkersleydx@uol.com.br,Female,235.220.133.218
503,Cary,Alexander,calexanderdy@slate.com,Female,149.212.26.158
504,Easter,Kenworthy,ekenworthydz@is.gd,Female,21.69.130.10
505,Franciskus,Bandy,fbandye0@freewebs.com,Male,216.32.178.183
506,Aurlie,Benoey,abenoeye1@scribd.com,Female,31.49.77.38
507,Free,Chastel,fchastele2@tiny.cc,Male,64.174.218.106
508,Findlay,Geekin,fgeekine3@foxnews.com,Male,3.21.20.89
509,Johanna,Baude,jbaudee4@123-reg.co.uk,Female,182.1.162.130
510,Minnnie,Thornber,mthornbere5@opera.com,Female,160.130.161.154
511,Loralie,Ledingham,lledinghame6@studiopress.com,Female,54.136.145.36
512,Aylmar,McVee,amcveee7@furl.net,Male,97.155.108.219
513,Claire,Witcomb,cwitcombe8@live.com,Male,200.178.140.61
514,Happy,McNirlin,hmcnirline9@addthis.com,Female,143.149.11.98
515,Tracey,Sire,tsireea@arstechnica.com,Female,108.243.223.222
516,Cari,Seys,cseyseb@theguardian.com,Female,103.202.73.213
517,Nichole,Franklen,nfranklenec@jimdo.com,Male,153.152.210.78
518,Roslyn,Swinglehurst,rswinglehursted@google.nl,Female,34.215.123.67
519,Rozele,Rusted,rrustedee@de.vu,Female,59.208.1.205
520,Jolyn,Wannell,jwannellef@miibeian.gov.cn,Female,159.15.134.242
521,Prince,Birchill,pbirchilleg@unicef.org,Male,69.197.108.54
522,Lesya,Rime,lrimeeh@qq.com,Female,124.191.255.121
523,Brandise,Strood,bstroodei@wikipedia.org,Female,174.122.152.39
524,Rice,Curnucke,rcurnuckeej@storify.com,Male,204.189.184.124
525,Shina,Torr,storrek@berkeley.edu,Female,73.130.96.219
526,Ansell,Tuiller,atuillerel@statcounter.com,Genderfluid,127.207.36.75
527,Bride,Walford,bwalfordem@issuu.com,Female,55.179.198.2
528,Edsel,Roeby,eroebyen@youtu.be,Male,248.18.110.245
529,Lindsay,Cutmore,lcutmoreeo@canalblog.com,Female,173.159.52.150
530,Blair,Morena,bmorenaep@woothemes.com,Genderfluid,69.152.68.190
531,Inigo,Brockhouse,ibrockhouseeq@buzzfeed.com,Male,202.228.49.230
532,Shayna,Dionisii,sdionisiier@sciencedaily.com,Non-binary,46.75.205.19
533,Sigfried,Pirdy,spirdyes@godaddy.com,Male,172.36.174.69
534,Gina,Beeden,gbeedenet@gizmodo.com,Female,255.168.18.42
535,Ingunna,Coarser,icoarsereu@bizjournals.com,Female,40.81.250.231
536,Aloise,Slaten,aslatenev@salon.com,Bigender,55.196.13.255
537,Betsy,Hellwich,bhellwichew@mapy.cz,Female,59.3.182.78
538,Devin,Boij,dboijex@etsy.com,Male,52.66.238.221
539,Dwain,McIllroy,dmcillroyey@mapquest.com,Male,192.210.159.140
540,Kendrick,Lacroix,klacroixez@wikispaces.com,Non-binary,240.52.28.251
541,Tania,Kilbourne,tkilbournef0@walmart.com,Female,95.0.197.145
542,Normand,Skedgell,nskedgellf1@reuters.com,Male,88.186.236.92
543,Lyn,Garrard,lgarrardf2@tumblr.com,Female,29.145.245.2
544,Lettie,Lehrer,llehrerf3@furl.net,Female,234.2.160.166
545,Adiana,Colborn,acolbornf4@noaa.gov,Female,173.80.233.17
546,Barbara,Kezor,bkezorf5@wikimedia.org,Female,221.200.199.201
547,Jaclin,Reubbens,jreubbensf6@noaa.gov,Female,216.253.38.79
548,Cassie,Coldbreath,ccoldbreathf7@biglobe.ne.jp,Female,25.187.128.143
549,Chickie,Annion,cannionf8@yahoo.com,Male,35.24.45.144
550,Edvard,Austick,eaustickf9@live.com,Male,16.62.174.121
551,Geordie,Woodyer,gwoodyerfa@exblog.jp,Male,19.141.121.223
552,Cynthie,Bernholt,cbernholtfb@alibaba.com,Female,57.94.13.86
553,Jacquelyn,Vampouille,jvampouillefc@gmpg.org,Non-binary,154.17.86.137
554,Lurline,Noone,lnoonefd@xrea.com,Female,2.238.43.164
555,Tabbie,Lyne,tlynefe@nature.com,Genderfluid,85.35.235.159
556,Mariska,Corselles,mcorsellesff@ucsd.edu,Female,228.59.35.139
557,Christophorus,Morrallee,cmorralleefg@cafepress.com,Male,49.109.249.114
558,Eolanda,Jarlmann,ejarlmannfh@abc.net.au,Female,76.70.117.67
559,Nikoletta,Lineen,nlineenfi@wunderground.com,Female,61.13.222.85
560,Levey,Baldack,lbaldackfj@technorati.com,Male,43.66.154.173
561,Barnett,Scones,bsconesfk@toplist.cz,Bigender,50.209.168.226
562,Upton,Fagge,ufaggefl@mapy.cz,Bigender,210.214.232.195
563,Eberto,Meece,emeecefm@cloudflare.com,Male,248.117.182.187
564,Wallie,De la Eglise,wdelaeglisefn@unblog.fr,Female,135.39.6.172
565,Shanon,Flowers,sflowersfo@cargocollective.com,Female,187.67.108.18
566,Halley,O'Downe,hodownefp@illinois.edu,Female,14.24.208.60
567,Averil,Fursse,afurssefq@gravatar.com,Male,158.100.220.179
568,Griff,Alvarado,galvaradofr@rakuten.co.jp,Male,169.251.117.31
569,Aimee,Mattiazzi,amattiazzifs@sogou.com,Female,74.163.222.169
570,Tersina,Burdytt,tburdyttft@last.fm,Female,176.28.223.34
571,Caitlin,Fairlie,cfairliefu@hao123.com,Female,51.164.51.186
572,Carmen,Frizell,cfrizellfv@smh.com.au,Female,33.7.153.130
573,Addy,Klulik,aklulikfw@delicious.com,Female,163.90.75.196
574,Dode,Hastelow,dhastelowfx@opensource.org,Female,193.121.149.71
575,Aylmer,Akeherst,aakeherstfy@feedburner.com,Male,215.188.222.111
576,Matthiew,Pfiffer,mpfifferfz@quantcast.com,Male,69.189.157.29
577,Ransom,Asmus,rasmusg0@netvibes.com,Male,231.189.87.4
578,Corina,Devil,cdevilg1@nifty.com,Female,123.31.175.169
579,Norman,Popplestone,npopplestoneg2@skype.com,Agender,7.227.133.25
580,Araldo,Ruckman,aruckmang3@foxnews.com,Male,30.245.46.174
581,Mufinella,Merriday,mmerridayg4@theguardian.com,Female,255.165.186.3
582,Courtnay,Dyzart,cdyzartg5@hao123.com,Male,47.201.49.253
583,Roma,Ghirardi,rghirardig6@php.net,Male,96.133.62.69
584,Magnum,Hould,mhouldg7@fda.gov,Male,121.138.22.155
585,Thaine,Greetland,tgreetlandg8@xrea.com,Bigender,78.96.175.23
586,Kahaleel,Morecomb,kmorecombg9@webmd.com,Male,42.52.136.43
587,Emmalynne,Giorgione,egiorgionega@xrea.com,Female,213.5.69.80
588,Rafael,Allcott,rallcottgb@census.gov,Male,105.205.82.42
589,Collete,Laidlaw,claidlawgc@facebook.com,Female,198.14.48.167
590,Maurits,Vesco,mvescogd@cbslocal.com,Male,175.114.87.33
591,Bartholomeus,Casaletto,bcasalettoge@imageshack.us,Male,128.168.201.115
592,Elyssa,Kringe,ekringegf@list-manage.com,Female,181.167.209.237
593,Elmore,Downie,edowniegg@mapy.cz,Male,72.86.17.56
594,Eddy,MacDunleavy,emacdunleavygh@reverbnation.com,Polygender,15.182.21.17
595,Stephenie,Medina,smedinagi@narod.ru,Female,159.132.47.48
596,Marcie,Scranney,mscranneygj@last.fm,Female,181.2.16.199
597,Nanice,Milkin,nmilkingk@ehow.com,Genderfluid,226.198.101.147
598,Levey,Gentery,lgenterygl@utexas.edu,Male,251.160.239.113
599,Myra,Gaine,mgainegm@ox.ac.uk,Bigender,52.232.162.71
600,Gaylene,Reary,grearygn@webmd.com,Female,200.139.254.38
601,Bevin,Cherrie,bcherriego@furl.net,Male,222.133.161.65
602,Dael,Novakovic,dnovakovicgp@elpais.com,Male,56.89.106.214
603,Chauncey,Escot,cescotgq@xinhuanet.com,Male,39.134.51.242
604,Yasmeen,Llewelly,yllewellygr@shareasale.com,Female,187.11.38.94
605,Arvie,Pietrzak,apietrzakgs@hostgator.com,Male,239.227.190.109
606,Dominic,Such,dsuchgt@slideshare.net,Male,36.97.37.158
607,Ebba,Hofner,ehofnergu@drupal.org,Female,72.127.99.207
608,Margarete,Mobius,mmobiusgv@yandex.ru,Female,94.46.231.210
609,Tamar,Dewdney,tdewdneygw@un.org,Female,198.133.65.88
610,Philippa,Cutmore,pcutmoregx@yellowbook.com,Female,119.173.21.148
611,Livvie,Jodrelle,ljodrellegy@tinypic.com,Female,211.41.71.115
612,Layne,Janse,ljansegz@creativecommons.org,Non-binary,96.235.35.198
613,Boote,Bushel,bbushelh0@cpanel.net,Male,255.69.52.117
614,Nikolaos,Geale,ngealeh1@nyu.edu,Male,247.90.75.207
615,Adrian,Redwing,aredwingh2@unblog.fr,Male,179.117.254.9
616,Jasun,Wain,jwainh3@ehow.com,Male,173.144.2.204
617,Lula,Cochern,lcochernh4@engadget.com,Female,2.202.73.236
618,Valentine,Rodolphe,vrodolpheh5@fema.gov,Female,236.174.146.94
619,Denyse,Elbourne,delbourneh6@adobe.com,Female,13.246.150.249
620,Ema,Ledward,eledwardh7@xinhuanet.com,Female,222.219.21.184
621,Jennee,Bartod,jbartodh8@house.gov,Female,189.153.112.25
622,Briggs,Bloxholm,bbloxholmh9@uol.com.br,Male,94.77.4.205
623,Reynard,Enser,renserha@gnu.org,Male,100.10.47.162
624,Karleen,Tumasian,ktumasianhb@amazon.co.uk,Female,169.249.100.66
625,Mimi,Thomazet,mthomazethc@oracle.com,Female,161.176.238.194
626,Kermit,Bolt,kbolthd@newyorker.com,Male,148.188.65.66
627,Armand,Dear,adearhe@cnet.com,Male,58.148.221.8
628,Land,Husthwaite,lhusthwaitehf@time.com,Male,161.176.179.209
629,Zorah,Presslee,zpressleehg@gravatar.com,Female,2.239.121.180
630,Audie,Spinola,aspinolahh@telegraph.co.uk,Female,45.81.170.127
631,Casie,Ewings,cewingshi@oakley.com,Bigender,255.225.61.75
632,Francisca,Kuschel,fkuschelhj@independent.co.uk,Female,140.151.51.91
633,Valentino,Tebbut,vtebbuthk@usa.gov,Male,118.208.18.54
634,Collete,Creboe,ccreboehl@artisteer.com,Female,23.29.251.174
635,Miller,Haselup,mhaseluphm@hud.gov,Male,23.166.22.88
636,Truman,Phippin,tphippinhn@123-reg.co.uk,Male,142.250.203.28
637,Rodi,Nenci,rnenciho@sourceforge.net,Female,147.92.107.204
638,Benita,Trulocke,btrulockehp@berkeley.edu,Female,213.174.162.99
639,Maxine,Hartless,mhartlesshq@themeforest.net,Female,23.83.219.47
640,Renado,Perton,rpertonhr@apache.org,Male,106.86.219.110
641,Hughie,Hrynczyk,hhrynczykhs@google.com.au,Male,111.216.43.153
642,Britteny,Grinham,bgrinhamht@freewebs.com,Female,133.236.56.135
643,Tiertza,Bockh,tbockhhu@1688.com,Female,23.139.97.107
644,Lucien,Hiddersley,lhiddersleyhv@godaddy.com,Male,142.161.39.74
645,Teodora,Tubbs,ttubbshw@eepurl.com,Female,76.254.218.237
646,Barbie,Stockin,bstockinhx@umn.edu,Non-binary,169.56.167.118
647,Maxwell,Conws,mconwshy@patch.com,Male,119.194.143.43
648,Damiano,Gilliard,dgilliardhz@vinaora.com,Male,28.105.200.160
649,Lilas,Bahike,lbahikei0@zdnet.com,Female,157.221.150.179
650,Manuel,Peizer,mpeizeri1@alibaba.com,Male,66.235.222.242
651,Reynold,Gartshore,rgartshorei2@nyu.edu,Male,21.96.57.81
652,Costanza,Cramond,ccramondi3@wordpress.com,Female,45.102.31.79
653,Bruis,O' Donohoe,bodonohoei4@topsy.com,Male,187.153.145.96
654,Chelsae,Wraighte,cwraightei5@rambler.ru,Agender,88.243.204.180
655,Clarence,Ledley,cledleyi6@nps.gov,Male,163.187.214.50
656,Eydie,Lyndon,elyndoni7@businessweek.com,Female,226.112.110.118
657,Claybourne,Hurburt,churburti8@ow.ly,Male,178.200.30.127
658,Mildrid,Thornhill,mthornhilli9@huffingtonpost.com,Female,204.50.110.211
659,Mariska,Maddison,mmaddisonia@imgur.com,Female,142.167.70.149
660,Tani,Addison,taddisonib@deviantart.com,Female,14.110.42.251
661,Efren,Weymont,eweymontic@baidu.com,Male,240.145.30.242
662,Kellsie,Hourican,khouricanid@about.com,Female,71.124.224.157
663,Merwyn,Jansen,mjansenie@domainmarket.com,Genderfluid,50.158.186.18
664,Gabrila,Tolliday,gtollidayif@twitter.com,Polygender,216.144.233.240
665,Isaak,Dawbury,idawburyig@adobe.com,Male,69.51.152.209
666,Dory,Saltern,dsalternih@ucoz.ru,Male,49.204.31.35
667,Lanny,Herculeson,lherculesonii@multiply.com,Male,23.229.139.168
668,Haze,Ferrulli,hferrulliij@ca.gov,Male,211.43.78.89
669,Esme,Segoe,esegoeik@google.com.br,Female,40.13.135.245
670,Brok,Grimsditch,bgrimsditchil@pcworld.com,Male,149.66.146.114
671,Mohandas,Nelhams,mnelhamsim@ft.com,Male,149.181.198.210
672,Taite,Petrie,tpetriein@drupal.org,Male,22.109.16.175
673,Stacee,Castane,scastaneio@mapquest.com,Genderqueer,31.160.170.141
674,Marion,Bernade,mbernadeip@themeforest.net,Female,116.204.119.84
675,Codee,Rawcliff,crawcliffiq@artisteer.com,Female,150.246.62.125
676,Kip,Spirritt,kspirrittir@tripod.com,Male,135.5.176.101
677,Norman,Yablsley,nyablsleyis@miibeian.gov.cn,Male,196.201.215.175
678,Linea,Klimsch,lklimschit@businessweek.com,Female,212.239.42.147
679,Park,Richichi,prichichiiu@harvard.edu,Male,38.123.119.198
680,Lynda,Prescott,lprescottiv@indiatimes.com,Female,223.45.65.236
681,Evaleen,Torri,etorriiw@bravesites.com,Female,224.19.210.61
682,Janina,Girvan,jgirvanix@surveymonkey.com,Female,75.117.138.55
683,Marcy,Russel,mrusseliy@cocolog-nifty.com,Female,113.149.33.131
684,Meriel,MacTrustie,mmactrustieiz@umich.edu,Female,157.8.189.108
685,Davina,Kaiser,dkaiserj0@china.com.cn,Female,120.174.153.113
686,Odette,Hackey,ohackeyj1@nbcnews.com,Female,40.107.149.66
687,Corliss,Matsell,cmatsellj2@omniture.com,Female,75.111.247.34
688,Filmore,Abdie,fabdiej3@indiatimes.com,Male,36.11.156.11
689,Wakefield,Feedham,wfeedhamj4@jigsy.com,Male,124.95.7.97
690,Bay,Critcher,bcritcherj5@shutterfly.com,Male,97.174.116.81
691,Boone,Dummett,bdummettj6@auda.org.au,Male,241.72.70.84
692,Lock,Selkirk,lselkirkj7@xing.com,Male,225.219.102.100
693,Victoria,Debnam,vdebnamj8@utexas.edu,Female,199.220.53.41
694,Kendal,Ciardo,kciardoj9@devhub.com,Male,109.83.203.11
695,Wallache,Castri,wcastrija@livejournal.com,Bigender,17.90.94.91
696,Dal,Heinritz,dheinritzjb@bluehost.com,Male,188.203.112.22
697,Cristiano,Winwood,cwinwoodjc@angelfire.com,Male,195.91.159.39
698,Thibaud,Habben,thabbenjd@google.cn,Male,78.130.123.219
699,Vincenty,Nanson,vnansonje@tinyurl.com,Male,47.86.178.195
700,Darda,Dumbreck,ddumbreckjf@nbcnews.com,Female,145.93.31.55
701,Lazare,Lindstedt,llindstedtjg@noaa.gov,Male,171.20.198.166
702,Myrwyn,Archibold,marchiboldjh@gov.uk,Male,64.1.130.51
703,Clementina,Sculley,csculleyji@dion.ne.jp,Female,88.75.26.146
704,Nate,Fredi,nfredijj@amazon.de,Male,117.173.42.190
705,Oliviero,Kewley,okewleyjk@foxnews.com,Polygender,59.18.12.64
706,Shurwood,Laurent,slaurentjl@sbwire.com,Male,243.135.185.57
707,Carmencita,Conaghy,cconaghyjm@adobe.com,Genderfluid,141.246.198.96
708,Ynes,Norcock,ynorcockjn@e-recht24.de,Female,251.137.183.75
709,Gladys,Huccaby,ghuccabyjo@about.me,Female,148.175.53.30
710,Elroy,Sprigging,espriggingjp@cnn.com,Male,213.188.161.172
711,Fred,Leaver,fleaverjq@washingtonpost.com,Female,168.180.204.68
712,Odilia,Monnoyer,omonnoyerjr@deviantart.com,Female,68.194.156.168
713,Donielle,Martello,dmartellojs@tmall.com,Female,251.183.63.228
714,Kristofer,Cometto,kcomettojt@storify.com,Male,169.133.120.165
715,Nickie,Cicconettii,ncicconettiiju@merriam-webster.com,Genderfluid,0.99.150.78
716,Worden,Thiem,wthiemjv@constantcontact.com,Male,34.0.3.144
717,Constanta,Strick,cstrickjw@cyberchimps.com,Female,229.228.208.229
718,Clo,Figliovanni,cfigliovannijx@ifeng.com,Female,169.123.207.155
719,Hinda,Berk,hberkjy@intel.com,Female,171.109.95.119
720,Thibaud,Lanegran,tlanegranjz@huffingtonpost.com,Male,184.214.158.92
721,Melly,Pennuzzi,mpennuzzik0@chronoengine.com,Female,203.205.227.48
722,Pierce,Spraberry,pspraberryk1@tmall.com,Male,193.109.145.204
723,Keane,Jozefowicz,kjozefowiczk2@economist.com,Genderqueer,128.198.16.132
724,Melli,Ellwell,mellwellk3@storify.com,Female,141.35.107.173
725,Carrissa,Milksop,cmilksopk4@boston.com,Female,6.55.149.54
726,Clarence,Mateev,cmateevk5@indiatimes.com,Male,60.189.162.182
727,Ludovico,Dursley,ldursleyk6@state.tx.us,Male,216.179.55.107
728,Nevsa,Keymar,nkeymark7@163.com,Female,109.247.57.7
729,Rhett,Murfill,rmurfillk8@netscape.com,Genderfluid,185.17.247.116
730,Flori,Klasen,fklasenk9@opensource.org,Female,94.166.126.24
731,Ali,Lowdes,alowdeska@uol.com.br,Bigender,61.26.243.11
732,Eimile,Nazaret,enazaretkb@adobe.com,Female,211.1.16.6
733,Hilton,Portsmouth,hportsmouthkc@nifty.com,Male,145.3.31.250
734,Bernetta,Kirtley,bkirtleykd@icq.com,Female,146.187.32.9
735,Bruis,Metrick,bmetrickke@clickbank.net,Male,64.164.144.224
736,Erda,Philipeau,ephilipeaukf@google.de,Female,70.251.201.248
737,Augie,Dench,adenchkg@answers.com,Male,172.238.245.129
738,Marcille,Chaplain,mchaplainkh@infoseek.co.jp,Female,141.22.160.197
739,Moina,Engall,mengallki@amazonaws.com,Female,68.7.173.30
740,Maximilian,Minards,mminardskj@hexun.com,Male,200.236.226.204
741,Ulrike,Moodycliffe,umoodycliffekk@squarespace.com,Female,24.209.143.95
742,Carilyn,Matous,cmatouskl@amazonaws.com,Female,20.201.250.62
743,Eyde,Lindberg,elindbergkm@tinypic.com,Female,225.210.115.158
744,Wainwright,Keri,wkerikn@ameblo.jp,Male,74.166.223.142
745,Fayina,Eakeley,feakeleyko@nps.gov,Female,125.136.225.193
746,Jocelyn,Barense,jbarensekp@illinois.edu,Female,132.131.241.29
747,Nicki,Coates,ncoateskq@drupal.org,Female,130.106.190.199
748,Netta,Rosewarne,nrosewarnekr@walmart.com,Female,174.135.103.135
749,Kayla,Sexty,ksextyks@networkadvertising.org,Female,177.211.159.84
750,Lazarus,Shadrack,lshadrackkt@discovery.com,Male,98.252.39.216
751,Hayley,Jorat,hjoratku@bigcartel.com,Female,168.146.198.228
752,Jeff,Veitch,jveitchkv@about.me,Male,5.192.88.147
753,Ranee,Medley,rmedleykw@tmall.com,Female,213.241.181.179
754,Ellary,Skitteral,eskitteralkx@elegantthemes.com,Male,20.89.83.16
755,Jamal,Matys,jmatysky@1688.com,Male,86.6.39.173
756,Clea,McKerton,cmckertonkz@homestead.com,Female,139.142.201.234
757,Tiler,Freckelton,tfreckeltonl0@plala.or.jp,Male,120.17.161.78
758,Editha,Wison,ewisonl1@mtv.com,Female,238.67.227.107
759,Stavros,Alderwick,salderwickl2@fema.gov,Bigender,46.103.47.208
760,Leela,Ledamun,lledamunl3@nationalgeographic.com,Female,11.102.190.95
761,Hestia,Plaide,hplaidel4@scientificamerican.com,Female,122.17.227.144
762,Trueman,Shallcrass,tshallcrassl5@soundcloud.com,Male,113.25.252.63
763,Euell,Silbersak,esilbersakl6@google.co.jp,Male,36.91.31.77
764,Angelika,Durie,aduriel7@intel.com,Female,171.102.106.216
765,Graham,Troop,gtroopl8@google.com,Male,220.95.154.109
766,Mariette,Cresar,mcresarl9@phoca.cz,Female,230.238.127.239
767,Monica,Onge,mongela@wikispaces.com,Female,113.143.148.4
768,Mariel,Aron,maronlb@wordpress.org,Female,133.91.161.221
769,Parker,Mattheis,pmattheislc@thetimes.co.uk,Non-binary,254.130.196.83
770,Ramonda,Death,rdeathld@house.gov,Female,96.42.22.141
771,Elvyn,Le Grand,elegrandle@topsy.com,Male,168.167.90.94
772,Perice,Presslee,ppressleelf@a8.net,Male,232.243.20.191
773,Siffre,Bodd,sboddlg@illinois.edu,Bigender,171.91.68.72
774,Shaylah,Ismail,sismaillh@japanpost.jp,Female,251.122.67.186
775,Starr,Kearley,skearleyli@simplemachines.org,Female,67.18.110.226
776,Daloris,Gateshill,dgateshilllj@mediafire.com,Female,228.41.82.146
777,Jerry,Keyzor,jkeyzorlk@fotki.com,Male,81.186.44.179
778,Cord,Cunrado,ccunradoll@godaddy.com,Male,150.187.134.27
779,Ricky,Dumbarton,rdumbartonlm@soup.io,Male,26.233.133.161
780,Dolli,Jakab,djakabln@nationalgeographic.com,Female,246.123.67.38
781,Elfreda,Marchington,emarchingtonlo@google.de,Female,210.109.176.159
782,Marley,Saint,msaintlp@webs.com,Female,237.77.231.59
783,Peggie,MacGibbon,pmacgibbonlq@quantcast.com,Female,197.245.196.216
784,Rorke,Iveagh,riveaghlr@tinyurl.com,Male,126.135.120.61
785,Andree,Esley,aesleyls@tinypic.com,Female,233.133.175.67
786,Gannon,Greeves,ggreeveslt@kickstarter.com,Male,134.162.204.174
787,Freddy,Lamlin,flamlinlu@mtv.com,Female,154.183.36.71
788,Selene,Dugan,sduganlv@technorati.com,Female,25.163.147.41
789,Derron,Fenny,dfennylw@cbsnews.com,Male,168.4.238.105
790,Berta,Bratton,bbrattonlx@nature.com,Female,139.223.125.70
791,Fabe,Pencott,fpencottly@mashable.com,Non-binary,247.209.107.194
792,Laird,Melesk,lmelesklz@youtu.be,Male,38.108.202.209
793,Cyril,Courtese,ccourtesem0@wix.com,Male,199.3.176.240
794,Cosmo,Kearns,ckearnsm1@imageshack.us,Male,32.219.2.103
795,Stanislaw,Bottoms,sbottomsm2@plala.or.jp,Male,94.241.189.33
796,Tiffani,Draaisma,tdraaismam3@newsvine.com,Female,97.184.86.163
797,Kellyann,Salatino,ksalatinom4@yahoo.co.jp,Female,217.213.170.37
798,Barde,Onians,boniansm5@slideshare.net,Male,179.166.78.112
799,Hannis,Woolmington,hwoolmingtonm6@utexas.edu,Genderfluid,252.121.93.20
800,Megen,Crowley,mcrowleym7@purevolume.com,Female,218.107.16.117
801,Cthrine,Derrington,cderringtonm8@nba.com,Female,150.138.44.81
802,Ali,Kermitt,akermittm9@123-reg.co.uk,Male,187.236.122.38
803,Thurstan,Pickthall,tpickthallma@cornell.edu,Male,35.51.111.163
804,Monah,Francais,mfrancaismb@seattletimes.com,Female,145.9.131.26
805,Hanson,Bonnick,hbonnickmc@csmonitor.com,Male,65.115.98.177
806,Isabel,Budgeon,ibudgeonmd@eepurl.com,Female,205.95.55.173
807,Shaylah,Vanderson,svandersonme@redcross.org,Female,111.247.74.168
808,Hannis,Merton,hmertonmf@photobucket.com,Female,81.65.32.90
809,Mariel,Leban,mlebanmg@bloglovin.com,Female,191.6.25.20
810,Rakel,Twaite,rtwaitemh@symantec.com,Female,89.33.92.143
811,Tommie,Punchard,tpunchardmi@auda.org.au,Bigender,227.111.20.8
812,Ronny,Rugiero,rrugieromj@hhs.gov,Female,37.107.174.242
813,Aurelia,Petrelli,apetrellimk@utexas.edu,Female,138.225.138.22
814,Mike,Leare,mleareml@boston.com,Male,149.212.148.97
815,Axel,McAlester,amcalestermm@cnn.com,Male,246.33.231.185
816,Tallia,Danilewicz,tdanilewiczmn@utexas.edu,Female,182.1.133.182
817,Conant,Davet,cdavetmo@theguardian.com,Male,33.126.141.96
818,Blinni,Young,byoungmp@imageshack.us,Female,115.194.130.251
819,Duane,Belt,dbeltmq@amazonaws.com,Male,115.115.224.189
820,Debbie,Whelpdale,dwhelpdalemr@google.com.br,Polygender,115.132.143.229
821,Bill,Cumberland,bcumberlandms@nifty.com,Female,86.36.231.157
822,Bax,Mapledorum,bmapledorummt@skype.com,Male,118.46.121.141
823,Cecilio,Weippert,cweippertmu@sitemeter.com,Male,218.167.172.79
824,Marv,Hinnerk,mhinnerkmv@upenn.edu,Male,128.234.177.109
825,Wendeline,Ubsdell,wubsdellmw@github.com,Female,63.132.193.160
826,Chic,Matejka,cmatejkamx@biblegateway.com,Male,172.171.86.62
827,Nevin,Bewsey,nbewseymy@google.fr,Male,133.65.70.4
828,Ida,Leaves,ileavesmz@washingtonpost.com,Female,189.110.211.188
829,Rudiger,Newbury,rnewburyn0@springer.com,Male,217.100.255.210
830,Nita,Geator,ngeatorn1@blogger.com,Bigender,205.21.57.162
831,Yance,Ridley,yridleyn2@elegantthemes.com,Male,44.214.146.17
832,Myrna,Minero,mmineron3@merriam-webster.com,Female,43.179.120.25
833,Emera,Biskupek,ebiskupekn4@google.ca,Female,14.169.204.34
834,Jojo,Edmondson,jedmondsonn5@geocities.com,Female,106.73.92.226
835,Danette,Korous,dkorousn6@pen.io,Female,94.237.100.18
836,Ellette,Jerrome,ejerromen7@zdnet.com,Female,143.89.166.2
837,Frasier,Avesque,favesquen8@intel.com,Male,213.152.91.236
838,Ashil,Luckin,aluckinn9@technorati.com,Female,238.167.167.237
839,Fionnula,McSweeney,fmcsweeneyna@cpanel.net,Female,209.131.100.156
840,Tyne,Avramovic,tavramovicnb@ted.com,Female,38.145.226.47
841,Towney,Fawthrop,tfawthropnc@sakura.ne.jp,Male,104.8.196.63
842,Yoshiko,Beekman,ybeekmannd@t.co,Female,162.173.176.85
843,Davy,Tyrrell,dtyrrellne@ocn.ne.jp,Male,48.164.74.226
844,Ede,Jirick,ejiricknf@biblegateway.com,Female,61.132.151.25
845,Perry,Lemery,plemeryng@skyrock.com,Male,69.190.213.35
846,Camella,MacCaughey,cmaccaugheynh@cbslocal.com,Female,189.52.239.23
847,Erl,Relton,ereltonni@plala.or.jp,Male,159.1.84.3
848,Ganny,Van Leeuwen,gvanleeuwennj@jimdo.com,Male,114.233.238.83
849,Ardene,Dearl,adearlnk@bbb.org,Agender,181.92.220.85
850,Dasi,Birkinshaw,dbirkinshawnl@prlog.org,Female,20.216.90.147
851,Chane,Martyntsev,cmartyntsevnm@prweb.com,Male,127.82.17.224
852,Fiona,Winsper,fwinspernn@nifty.com,Female,241.156.126.186
853,Lyndsie,Ord,lordno@moonfruit.com,Female,45.214.236.173
854,Teodoor,Daouse,tdaousenp@narod.ru,Male,161.99.163.0
855,Trescha,Schellig,tschellignq@patch.com,Female,129.117.136.30
856,Ekaterina,Clewer,eclewernr@barnesandnoble.com,Female,55.163.193.81
857,Colver,Soppit,csoppitns@miibeian.gov.cn,Male,23.219.204.111
858,Alley,Sawden,asawdennt@unblog.fr,Male,177.143.162.107
859,Helena,Boeter,hboeternu@theglobeandmail.com,Female,81.103.71.137
860,Gwyneth,Phillimore,gphillimorenv@huffingtonpost.com,Female,251.143.241.25
861,Sofie,Abby,sabbynw@nifty.com,Female,31.210.55.228
862,Pepi,Redan,predannx@dmoz.org,Female,166.45.64.83
863,Early,Shegog,eshegogny@twitter.com,Male,41.103.213.217
864,Felecia,Cranke,fcrankenz@netlog.com,Female,51.171.47.230
865,Scarface,MacKnockiter,smacknockitero0@wix.com,Male,68.109.100.168
866,Arly,Tomala,atomalao1@theatlantic.com,Female,213.163.241.72
867,Carny,Resdale,cresdaleo2@multiply.com,Male,71.150.25.210
868,Peria,Rudall,prudallo3@europa.eu,Female,102.171.196.99
869,Adolpho,Goodright,agoodrighto4@exblog.jp,Male,102.196.81.52
870,Allx,Grcic,agrcico5@howstuffworks.com,Female,19.147.142.228
871,Murdoch,Ghiron,mghirono6@state.tx.us,Male,181.254.232.33
872,Jeannine,MacManus,jmacmanuso7@sciencedirect.com,Polygender,19.24.78.10
873,Llywellyn,Wallworth,lwallwortho8@reverbnation.com,Male,90.121.152.184
874,Venita,Blackburn,vblackburno9@1688.com,Female,17.215.206.198
875,Constantia,Feeny,cfeenyoa@nymag.com,Agender,212.195.246.129
876,Hilde,Chaudret,hchaudretob@wufoo.com,Female,38.222.215.75
877,Emerson,Amthor,eamthoroc@si.edu,Male,98.164.179.19
878,Guntar,Jarmaine,gjarmaineod@eventbrite.com,Male,30.126.33.111
879,Cass,Purver,cpurveroe@toplist.cz,Male,57.9.211.136
880,Evaleen,Cantos,ecantosof@netvibes.com,Female,134.56.180.173
881,Cherry,Tremmil,ctremmilog@ucsd.edu,Female,220.158.252.232
882,Steffie,Fanshaw,sfanshawoh@friendfeed.com,Female,136.110.46.131
883,Margot,Solan,msolanoi@freewebs.com,Female,118.177.249.91
884,Obediah,Rickets,oricketsoj@state.gov,Male,246.22.163.142
885,Priscella,Elbourne,pelbourneok@mlb.com,Female,20.222.67.188
886,Nikki,Baythorp,nbaythorpol@java.com,Genderqueer,65.102.231.56
887,Masha,Naldrett,mnaldrettom@pinterest.com,Female,191.26.9.94
888,Aubert,Gretham,agrethamon@oaic.gov.au,Male,218.171.214.167
889,Emerson,Halversen,ehalversenoo@shareasale.com,Male,100.247.222.39
890,Ivar,Davydzenko,idavydzenkoop@storify.com,Male,181.186.102.11
891,Perl,Durbann,pdurbannoq@wikia.com,Polygender,90.13.99.199
892,Olvan,Weatherill,oweatherillor@twitpic.com,Male,79.166.189.81
893,Land,Francesch,lfranceschos@theguardian.com,Male,119.65.136.231
894,Taddeusz,Waple,twapleot@dedecms.com,Male,88.44.128.68
895,Gonzales,Surguine,gsurguineou@foxnews.com,Male,52.134.98.115
896,Rainer,Koomar,rkoomarov@behance.net,Agender,56.187.189.205
897,Guillaume,Snowling,gsnowlingow@irs.gov,Male,132.40.2.139
898,Roslyn,Muddiman,rmuddimanox@nbcnews.com,Female,70.203.134.11
899,Nerti,Dain,ndainoy@cafepress.com,Female,108.110.249.132
900,Penelopa,Jeannenet,pjeannenetoz@nps.gov,Female,25.39.15.173
901,Alta,Abeau,aabeaup0@issuu.com,Female,212.43.55.227
902,Freida,Roscrigg,froscriggp1@dropbox.com,Female,191.51.55.90
903,Donovan,Pawnsford,dpawnsfordp2@cmu.edu,Male,252.255.126.179
904,Beret,Cochern,bcochernp3@usa.gov,Female,199.186.207.40
905,Marcus,Wyard,mwyardp4@cmu.edu,Male,203.131.110.206
906,Tripp,Parkinson,tparkinsonp5@hugedomains.com,Male,155.160.121.12
907,Ethelind,Houtby,ehoutbyp6@studiopress.com,Bigender,66.223.162.238
908,Ondrea,Cornwell,ocornwellp7@engadget.com,Female,133.134.113.128
909,Balduin,Yurkin,byurkinp8@pinterest.com,Male,218.77.247.14
910,Clyve,Yitzhak,cyitzhakp9@gravatar.com,Male,135.49.208.112
911,Fania,Mardell,fmardellpa@nymag.com,Female,208.219.180.25
912,Costanza,Bernardin,cbernardinpb@mozilla.com,Non-binary,9.34.146.213
913,Dollie,Duffield,dduffieldpc@w3.org,Female,44.0.91.22
914,Drucill,Durnall,ddurnallpd@is.gd,Female,248.148.87.12
915,Irma,Jery,ijerype@indiegogo.com,Female,174.7.12.19
916,Idaline,Yokley,iyokleypf@ted.com,Female,127.245.235.43
917,Ade,Farn,afarnpg@jiathis.com,Male,63.59.32.144
918,Shawn,Irnys,sirnysph@prlog.org,Male,161.52.27.57
919,Boycie,Morrieson,bmorriesonpi@constantcontact.com,Male,37.178.111.87
920,Fabien,Scatchar,fscatcharpj@dedecms.com,Male,180.220.168.181
921,Athene,Wigginton,awiggintonpk@cyberchimps.com,Female,217.84.17.253
922,Traci,Battman,tbattmanpl@jimdo.com,Agender,29.68.249.168
923,Craggie,Posen,cposenpm@gravatar.com,Male,46.122.13.255
924,Penelope,Albasiny,palbasinypn@usgs.gov,Female,46.219.240.23
925,Beaufort,Elener,belenerpo@blogs.com,Male,161.159.157.26
926,Eddi,Sommersett,esommersettpp@zimbio.com,Female,82.15.64.146
927,Shandy,Bulteel,sbulteelpq@rakuten.co.jp,Female,226.166.74.110
928,Carlo,Hullah,chullahpr@symantec.com,Male,160.97.117.235
929,Yves,Rodda,yroddaps@businessinsider.com,Male,99.16.10.55
930,Daniel,Ball,dballpt@cisco.com,Male,28.227.3.50
931,Jessie,Piell,jpiellpu@intel.com,Male,65.120.79.141
932,Georg,Vousden,gvousdenpv@edublogs.org,Male,218.191.130.60
933,Timoteo,Emslie,temsliepw@engadget.com,Male,5.200.109.139
934,Gage,Caukill,gcaukillpx@biglobe.ne.jp,Male,26.139.172.211
935,Lyman,Spanswick,lspanswickpy@hexun.com,Male,81.31.33.86
936,Ezri,Crichton,ecrichtonpz@blogspot.com,Male,19.103.64.234
937,Celine,Ponton,cpontonq0@earthlink.net,Female,88.120.239.125
938,Chelsie,Korneichik,ckorneichikq1@tuttocitta.it,Female,131.61.62.217
939,Burch,Casley,bcasleyq2@timesonline.co.uk,Genderfluid,173.115.222.201
940,Chicky,Matchell,cmatchellq3@google.ca,Female,49.85.220.98
941,Lowell,Wayman,lwaymanq4@guardian.co.uk,Male,252.74.32.30
942,Wheeler,Tollfree,wtollfreeq5@devhub.com,Male,74.51.46.49
943,Giorgi,Gostick,ggostickq6@nydailynews.com,Male,9.81.44.137
944,Nikos,Lavall,nlavallq7@nature.com,Male,71.31.181.148
945,Christel,Zuan,czuanq8@ocn.ne.jp,Female,37.222.143.54
946,Karlik,Glowacz,kglowaczq9@about.com,Male,50.23.22.177
947,Georges,Garman,ggarmanqa@nytimes.com,Male,188.0.158.98
948,Carine,Dorward,cdorwardqb@businesswire.com,Female,106.204.189.120
949,Mill,Lightoller,mlightollerqc@vistaprint.com,Male,191.18.245.225
950,Antonella,Risely,ariselyqd@elpais.com,Female,248.139.151.90
951,Andres,Penni,apenniqe@gov.uk,Non-binary,39.210.87.28
952,Meir,Bourke,mbourkeqf@nationalgeographic.com,Male,147.101.16.124
953,Bianca,Yeeles,byeelesqg@ameblo.jp,Female,100.41.120.243
954,Natividad,Wildish,nwildishqh@japanpost.jp,Female,31.249.252.87
955,Wilek,Levesque,wlevesqueqi@issuu.com,Male,174.77.154.128
956,Ingrid,Loughren,iloughrenqj@1und1.de,Genderfluid,74.91.93.53
957,Flinn,Tanner,ftannerqk@hugedomains.com,Male,163.171.38.71
958,Kimberley,Ungerer,kungererql@washington.edu,Female,7.241.86.50
959,Catherin,Hornbuckle,chornbuckleqm@squidoo.com,Female,206.237.133.62
960,Lexis,Brownett,lbrownettqn@so-net.ne.jp,Female,9.210.134.76
961,Judy,Cowlas,jcowlasqo@prweb.com,Non-binary,59.62.73.152
962,Lorilyn,Hayhoe,lhayhoeqp@cafepress.com,Female,26.153.105.97
963,Josiah,Killik,jkillikqq@cocolog-nifty.com,Male,235.95.13.27
964,Nathan,Kester,nkesterqr@bbb.org,Male,138.90.4.65
965,Lavina,Bourne,lbourneqs@wired.com,Genderqueer,178.195.220.148
966,Windy,Tiernan,wtiernanqt@oakley.com,Female,245.90.100.48
967,Stephana,McCosh,smccoshqu@un.org,Female,146.54.118.127
968,Sigfrid,Janas,sjanasqv@yahoo.co.jp,Male,130.40.2.33
969,Nolly,Liepina,nliepinaqw@usnews.com,Agender,211.168.130.134
970,Nonie,Stenning,nstenningqx@scientificamerican.com,Non-binary,241.130.56.105
971,Charlean,Lipmann,clipmannqy@jigsy.com,Female,113.21.246.141
972,Barnard,Dethloff,bdethloffqz@xinhuanet.com,Male,255.208.9.202
973,Erik,Gumby,egumbyr0@paypal.com,Male,145.70.225.46
974,Darcee,Struthers,dstruthersr1@jalbum.net,Female,129.144.9.154
975,Selinda,Judd,sjuddr2@de.vu,Female,231.44.109.146
976,Purcell,Christescu,pchristescur3@chronoengine.com,Male,200.17.166.127
977,Maryanna,Fierman,mfiermanr4@biglobe.ne.jp,Genderfluid,7.100.10.23
978,Theadora,Gelland,tgellandr5@com.com,Female,248.111.104.101
979,Ivy,Warlock,iwarlockr6@51.la,Non-binary,15.163.208.67
980,Kass,Castane,kcastaner7@tinyurl.com,Non-binary,35.161.14.176
981,Hal,Swinney,hswinneyr8@reddit.com,Male,217.28.29.66
982,Codi,Whisson,cwhissonr9@issuu.com,Male,26.168.39.103
983,Gonzales,Fahy,gfahyra@yellowbook.com,Male,129.157.166.11
984,Sallie,Hymor,shymorrb@amazon.co.jp,Genderfluid,126.35.153.48
985,Caryn,Curneen,ccurneenrc@deviantart.com,Female,68.134.25.180
986,Larine,Pendell,lpendellrd@opensource.org,Female,92.166.195.85
987,Jenda,Rubens,jrubensre@squidoo.com,Female,182.205.27.156
988,Doreen,Tamburo,dtamburorf@seattletimes.com,Female,108.43.55.61
989,Bernice,McPhelimey,bmcphelimeyrg@huffingtonpost.com,Female,241.248.127.232
990,Shem,Bromley,sbromleyrh@discovery.com,Male,201.100.39.179
991,Weylin,Bauchop,wbauchopri@blog.com,Male,187.17.218.159
992,Natty,Roscamp,nroscamprj@printfriendly.com,Male,2.109.38.42
993,Archie,Kemmons,akemmonsrk@printfriendly.com,Male,7.50.61.69
994,Odele,Leatham,oleathamrl@cocolog-nifty.com,Female,38.19.247.240
995,Elmore,Tolson,etolsonrm@imdb.com,Male,88.249.161.168
996,Gabbie,Massei,gmasseirn@engadget.com,Male,34.92.85.68
997,Yves,MacQueen,ymacqueenro@ning.com,Male,94.29.30.74
998,Janelle,Boman,jbomanrp@hibu.com,Female,149.2.88.58
999,Johna,Goolden,jgooldenrq@privacy.gov.au,Female,9.1.95.225
1000,Raymund,Erskine,rerskinerr@imageshack.us,Male,115.248.145.223
